"ID";"Full Path";"Published";"Creation Date";"Modification Date";"Order Number";"Order Package   Name";"Invoice Number";"Cost";"Tax";"Order Date";"Vendor";"Delivery Date";"Ship From Address";"Ship To Address";"Description"
"95";"/Shipping/Shipping 1";"1";"1699508968";"1699508968";"1";"Package 1";"829";"90.89";"6733";"2000-05-10 00:00";"New vendor";"2023-10-10 00:00";"Ship From Address";"Ship to address";"Desc of product"
"96";"/Shipping/Shipping 2";"1";"1699508973";"1699508973";"1";"Package 1";"829";"90.89";"6733";"2000-05-10 00:00";"New vendor";"2023-10-10 00:00";"Ship From Address";"Ship to address";"Desc of product"
"97";"/Shipping/Shipping 3";"1";"1699508976";"1699508976";"1";"Package 1";"829";"90.89";"6733";"2000-05-10 00:00";"New vendor";"2023-10-10 00:00";"Ship From Address";"Ship to address";"Desc of product"
"98";"/Shipping/Shipping 4";"1";"1699508980";"1699508980";"1";"Package 1";"829";"90.89";"6733";"2000-05-10 00:00";"New vendor";"2023-10-10 00:00";"Ship From Address";"Ship to address";"Desc of product"
"99";"/Shipping/Shipping 5";"1";"1699508983";"1699508983";"1";"Package 1";"829";"90.89";"6733";"2000-05-10 00:00";"New vendor";"2023-10-10 00:00";"Ship From Address";"Ship to address";"Desc of product"
"100";"/Shipping/Shipping 6";"1";"1699508986";"1699508986";"1";"Package 1";"829";"90.89";"6733";"2000-05-10 00:00";"New vendor";"2023-10-10 00:00";"Ship From Address";"Ship to address";"Desc of product"
"101";"/Shipping/Shipping 7";"1";"1699508991";"1699508991";"1";"Package 1";"829";"90.89";"6733";"2000-05-10 00:00";"New vendor";"2023-10-10 00:00";"Ship From Address";"Ship to address";"Desc of product"
"102";"/Shipping/Shipping 8";"1";"1699508995";"1699508995";"1";"Package 1";"829";"90.89";"6733";"2000-05-10 00:00";"New vendor";"2023-10-10 00:00";"Ship From Address";"Ship to address";"Desc of product"
"103";"/Shipping/Shipping 9";"1";"1699508998";"1699508998";"1";"Package 1";"829";"90.89";"6733";"2000-05-10 00:00";"New vendor";"2023-10-10 00:00";"Ship From Address";"Ship to address";"Desc of product"
"104";"/Shipping/Shipping 10";"1";"1699509002";"1699509002";"1";"Package 1";"829";"90.89";"6733";"2000-05-10 00:00";"New vendor";"2023-10-10 00:00";"Ship From Address";"Ship to address";"Desc of product"